{"loss": [1.0403448168337346, 1.0338619079589844, 1.0152248736023903, 1.0092044869661332, 1.0022504589110612], "accuracy": [0.5074999928474426, 0.5109999775886536, 0.527999997138977, 0.531499981880188, 0.5429999828338623], "val_loss": [1.0296418127417564, 1.025418666601181, 1.020405428111553, 1.022825343310833, 1.0436010578274726], "val_accuracy": [0.4975000023841858, 0.5074999928474426, 0.5074999928474426, 0.5024999976158142, 0.4625000059604645]}