{"loss": [1.0315712300240993, 1.0031097360402346, 0.9661759544312954, 0.9453841676265001, 0.9240040178745985], "accuracy": [0.5105000138282776, 0.5289999842643738, 0.5554999709129333, 0.5745000243186951, 0.5885000228881836], "val_loss": [1.026708078980446, 1.0161556158959866, 1.015109720826149, 1.0176824201643466, 0.9799098771810532], "val_accuracy": [0.4975000023841858, 0.5174999833106995, 0.5274999737739563, 0.5024999976158142, 0.5649999976158142]}