{"loss": [1.0402198401391507, 1.0254687279164791, 1.0296679430902005, 1.0266087750196458, 1.0201955897808075], "accuracy": [0.5080000162124634, 0.5115000009536743, 0.5105000138282776, 0.5139999985694885, 0.5109999775886536], "val_loss": [1.034126532971859, 1.0368140637874603, 1.0424048238992691, 1.0249510499835015, 1.0167182078957557], "val_accuracy": [0.4975000023841858, 0.4975000023841858, 0.4975000023841858, 0.5049999952316284, 0.5224999785423279]}