{"loss": [1.032507799297571, 1.0303543026447297, 1.027071038365364, 1.0272468429207802, 1.0274619362354278], "accuracy": [0.5084999799728394, 0.5090000033378601, 0.5090000033378601, 0.5090000033378601, 0.5090000033378601], "val_loss": [1.0471857810020446, 1.0397773689031602, 1.0376543912291527, 1.0367797181010245, 1.0358970168232917], "val_accuracy": [0.5, 0.5, 0.5, 0.5, 0.5]}