{"loss": [1.0334017596542835, 1.0253856041133405, 1.0268820253908635, 1.01850346916914, 1.0139289591312408, 1.0063112701177597, 1.0016947144865989, 0.9998403747379779, 1.007462560981512, 1.000552203297615], "accuracy": [0.5040000081062317, 0.5080000162124634, 0.5139999985694885, 0.5195000171661377, 0.5235000252723694, 0.5325000286102295, 0.5379999876022339, 0.5350000262260437, 0.546500027179718, 0.5475000143051147], "categorical_accuracy": [0.5040000081062317, 0.5080000162124634, 0.5139999985694885, 0.5195000171661377, 0.5235000252723694, 0.5325000286102295, 0.5379999876022339, 0.5350000262260437, 0.546500027179718, 0.5475000143051147], "val_loss": [1.031582571864128, 1.0281040665507317, 1.0302617798745632, 1.0332213839888573, 1.0180546481907369, 1.023831913471222, 1.0249647270143032, 1.0781532263755798, 1.0281368665397168, 1.027279601097107], "val_accuracy": [0.4975000023841858, 0.4975000023841858, 0.4975000023841858, 0.5049999952316284, 0.5074999928474426, 0.5099999904632568, 0.5149999856948853, 0.5024999976158142, 0.5024999976158142, 0.5], "val_categorical_accuracy": [0.4975000023841858, 0.4975000023841858, 0.4975000023841858, 0.5049999952316284, 0.5074999928474426, 0.5099999904632568, 0.5149999856948853, 0.5024999976158142, 0.5024999976158142, 0.5]}