{"loss": [1.0336932696700096, 1.0338961327075957, 1.045528749704361, 1.0328319364786147, 1.0262227309942245, 1.0293881005048753, 1.0228968380093575, 1.02292022305727, 1.0163610566556454, 1.012243102580309], "accuracy": [0.5084999799728394, 0.5080000162124634, 0.5090000033378601, 0.5084999799728394, 0.5105000138282776, 0.5109999775886536, 0.5099999904632568, 0.5115000009536743, 0.5120000243186951, 0.5180000066757202], "val_loss": [1.036758265197277, 1.039602944254875, 1.0448742377758027, 1.0389477330446244, 1.0350979927182198, 1.0390810835361481, 1.0386401358246804, 1.0413628971576692, 1.0420141527056694, 1.0312294408679008], "val_accuracy": [0.4975000023841858, 0.4975000023841858, 0.512499988079071, 0.5074999928474426, 0.5, 0.5024999976158142, 0.4975000023841858, 0.5024999976158142, 0.4975000023841858, 0.5]}