{"loss": [1.0292883909344672, 0.9612812421545386, 0.8975466290134937, 0.8049174568690359, 0.6595210734959692], "accuracy": [0.5249999761581421, 0.5734999775886536, 0.6014999747276306, 0.6604999899864197, 0.7245000004768372], "val_loss": [0.9929330505430698, 0.9533405537903309, 0.9676525098085403, 1.027291056215763, 1.1100968197453767], "val_accuracy": [0.550000011920929, 0.5625, 0.5799999833106995, 0.5400000214576721, 0.5400000214576721]}