{"loss": [1.028262983262539, 0.9776386047154665, 0.9361597974002361, 0.8668616197779775, 0.7372483380846679, 0.6070493329176679, 0.4669030836503953, 0.3624672934183618, 0.25156608021995636, 0.17949933046540537], "accuracy": [0.5105000138282776, 0.5590000152587891, 0.5914999842643738, 0.6389999985694885, 0.6934999823570251, 0.7455000281333923, 0.8149999976158142, 0.8654999732971191, 0.9100000262260437, 0.9394999742507935], "categorical_accuracy": [0.5105000138282776, 0.5590000152587891, 0.5914999842643738, 0.6389999985694885, 0.6934999823570251, 0.7455000281333923, 0.8149999976158142, 0.8654999732971191, 0.9100000262260437, 0.9394999742507935], "val_loss": [0.9950243063271046, 0.9866336284577847, 1.0688132901489735, 1.0298805455863476, 1.1789313442632556, 1.4835005411878228, 1.4067391736898571, 1.4915614200895653, 2.004718776191585, 2.3751053929992487], "val_accuracy": [0.5450000166893005, 0.5475000143051147, 0.4975000023841858, 0.5224999785423279, 0.5249999761581421, 0.48750001192092896, 0.4925000071525574, 0.5049999952316284, 0.4399999976158142, 0.42750000953674316], "val_categorical_accuracy": [0.5450000166893005, 0.5475000143051147, 0.4975000023841858, 0.5224999785423279, 0.5249999761581421, 0.48750001192092896, 0.4925000071525574, 0.5049999952316284, 0.4399999976158142, 0.42750000953674316]}