{"loss": [1.0338345462083816, 1.0307347300052643, 1.0290487242341042, 1.028033210337162, 1.0290610199570656], "accuracy": [0.5074999928474426, 0.5084999799728394, 0.5099999904632568, 0.5090000033378601, 0.5099999904632568], "val_loss": [1.0421744129061699, 1.0379688969254495, 1.0383212393522263, 1.0393321284651755, 1.0369376155734062], "val_accuracy": [0.4975000023841858, 0.4975000023841858, 0.4975000023841858, 0.4975000023841858, 0.4975000023841858]}