{"loss": [1.035217171907425, 1.0268557839393615, 1.027370675444603, 1.0281165872216225, 1.02676531791687], "accuracy": [0.5040000081062317, 0.5090000033378601, 0.5090000033378601, 0.5090000033378601, 0.5090000033378601], "val_loss": [1.0382966801524163, 1.0449331891536713, 1.038827817440033, 1.041546137034893, 1.0381663045287133], "val_accuracy": [0.4975000023841858, 0.4975000023841858, 0.4975000023841858, 0.4975000023841858, 0.4975000023841858]}