{"loss": [1.0342524635791779, 1.0291575943827629, 1.0289346982836722, 1.0249931365251541, 1.029423087656498], "accuracy": [0.5084999799728394, 0.5084999799728394, 0.5095000267028809, 0.5120000243186951, 0.515500009059906], "val_loss": [1.0393662136793136, 1.0378990116715432, 1.0472921842336655, 1.0392103099822998, 1.0361325785517692], "val_accuracy": [0.4975000023841858, 0.4975000023841858, 0.4975000023841858, 0.4975000023841858, 0.5074999928474426]}