{"loss": [1.0644534578323364, 0.9963329584151507, 0.9322872038632631, 0.873419823423028, 0.7563697336055338], "accuracy": [0.4975000023841858, 0.534500002861023, 0.5740000009536743, 0.6209999918937683, 0.6669999957084656], "val_loss": [1.0528852006793021, 0.9735120041668415, 1.003138214200735, 1.0253705528378487, 1.200290606431663], "val_accuracy": [0.4975000023841858, 0.5425000190734863, 0.5550000071525574, 0.5299999713897705, 0.4950000047683716]}