{"loss": [1.0358727078437806, 1.0246344439983368, 1.0239432803094386, 1.027279696315527, 1.0224183387160302], "accuracy": [0.5074999928474426, 0.5115000009536743, 0.512499988079071, 0.512499988079071, 0.5174999833106995], "val_loss": [1.0437360793352126, 1.0298015975952148, 1.0427500826120377, 1.037404265999794, 1.0284143942594528], "val_accuracy": [0.4975000023841858, 0.5, 0.4975000023841858, 0.4975000023841858, 0.5149999856948853]}