{"loss": [1.0860125579237938, 1.038328383922577, 0.9973471300452947, 0.9554530858844519, 0.9038155850023031, 0.83511266669631, 0.7548140334421769, 0.6554171957245563, 0.5675132968336111, 0.46187426528308423], "accuracy": [0.503000020980835, 0.5109999775886536, 0.531000018119812, 0.5740000009536743, 0.6010000109672546, 0.637499988079071, 0.659500002861023, 0.7024999856948853, 0.753000020980835, 0.7929999828338623], "categorical_accuracy": [0.503000020980835, 0.5109999775886536, 0.531000018119812, 0.5740000009536743, 0.6010000109672546, 0.637499988079071, 0.659500002861023, 0.7024999856948853, 0.753000020980835, 0.7929999828338623], "val_loss": [1.0575521859526633, 1.0411915856599807, 1.0199074664711951, 1.0031368477642537, 1.0390909860283137, 1.1305541463196278, 1.3638652336969972, 1.2921948251035065, 1.6136126235639676, 1.9584658608178143], "val_accuracy": [0.4975000023841858, 0.4975000023841858, 0.5049999952316284, 0.5425000190734863, 0.5450000166893005, 0.5024999976158142, 0.48750001192092896, 0.5325000286102295, 0.5099999904632568, 0.47999998927116394], "val_categorical_accuracy": [0.4975000023841858, 0.4975000023841858, 0.5049999952316284, 0.5425000190734863, 0.5450000166893005, 0.5024999976158142, 0.48750001192092896, 0.5325000286102295, 0.5099999904632568, 0.47999998927116394]}